<?xml version="1.0" encoding="UTF-8" ?>
<!DOCTYPE log4j:configuration SYSTEM "log4j.dtd">
<log4j:configuration debug="true" xmlns:log4j='http://jakarta.apache.org/log4j/'>

	<appender name="Console" class="org.apache.log4j.ConsoleAppender">
	    <layout class="org.apache.log4j.PatternLayout">
		<param name="ConversionPattern" value="%d{yyy-MM-dd HH:mm:ss} [%t] %-5p %c{1} - %m%n"/> 
	    </layout>
	</appender>

	<root>
		<level value="INFO" />
		<appender-ref ref="Console" />
	</root>

</log4j:configuration>
